Title,Price(in INR),Offer
BLUEWUD Darci Engineered Wood Dressing Table,"10,349",19% off
Smart Shelter SSLP99 Wood Portable Laptop Table,"2,999",50% off
HF HARSH FASHION Wood Portable Laptop Table,520,58% off
3D METRO SUPER STORE Work Tray Table Stand for Writing ...,499,76% off
Esquire Plastic Coffee Table,599,40% off
KAIZONE Multipurpose laptop table_001 Wood Portable Lap...,520,72% off
OANGO wooden Wood Portable Laptop Table,529,73% off
Featherlite Slick Engineered Wood Office Table,"6,370",7% off
KHODAL ENTERPRIZE MATT BLACK Wood Portable Laptop Table,529,66% off
Eduway Multipurpose | Fordable | Portable Wood Portable...,498,50% off
lmz LM056 Engineered Wood Office Table,"1,349",51% off
METSMITH Compact Engineered Wood Study Table,"1,999",75% off
limraz furniture L 56 Engineered Wood Study Table,"1,298",53% off
avighnaa enterprise Engineered Wood Study Table,"1,449",51% off
Eduway Smart buy Engineered Wood Study Table,499,61% off
Featherlite Nexus Engineered Wood Office Table,"5,110",8% off
Flipkart Perfect Homes Studio Noel Dual Tone Engineered...,"6,890",8% off
Ebee Engineered Wood Bedside Table,999,66% off
GLORIEUX ART Beautiful Antique Wooden Fold-able Side Ta...,499,49% off
METSMITH Sterling Engineered Wood Study Table,"5,516",63% off
Availmart Wood Portable Laptop Table,529,70% off
A V CREATION Wood Portable Laptop Table,499,80% off
AVI CREATION Brown Metal Portable Laptop Table,649,53% off
Flipkart Perfect Homes Liwa Engineered Wood Dressing Ta...,"9,399",5% off
A V CREATION Wood Portable Laptop Table,517,52% off
"Flipkart Perfect Homes Studio Lapdesk withHandle,Drawer...","1,199",52% off
Portronics My Buddy D Wood Portable Laptop Table,"1,499",50% off
Flipkart Perfect Homes Studio Power Engineered Wood Stu...,"3,990",69% off
StarAndDaisy Wood Portable Laptop Table,999,47% off
limraz furniture Engineered Wood Computer Desk,"1,298",53% off
COMFOLD Aloki Engineered Wood Study Table,"5,759",61% off
"Torche Scholar study table in Dark choco oak colour, Wo...","3,799",57% off
Ebee Engineered Wood Computer Desk,"2,999",53% off
indian armar Engineered Wood Study Table,"2,899",51% off
indian armar L100 Engineered Wood Study Table,"1,349",73% off
WoodenTwist Laptop Table Wood Portable Laptop Table,"1,699",43% off
Fleurs De Rocaille sheesham wood Solid Wood Side Table,599,70% off
Smarts collection Wooden Plant Stand for Balcony Living...,512,48% off
"Flipkart Perfect Homes Studio Lapdesk withHandle,Drawer...","1,199",60% off
VallY Dally Wood Portable Laptop Table,479,68% off
Spanglers Engineered Wood Side Table (Finish Color - Br...,599,40% off
Lilac Solid Wood Corner Table,"6,890",8% off
radhe creation Wood Portable Laptop Table,520,58% off
BLUEWUD Darci Engineered Wood Dressing Table,"5,516",63% off
Flipkart Perfect Homes Studio Foldable Lapdesk for Couc...,520,72% off
Yatri sons S202 Wood Portable Laptop Table,"1,349",46% off
Verona LAPTOP TABLE FOLDABLE001 Wood Portable Laptop Ta...,"1,124",53% off
Featherlite Slick Engineered Wood Office Table,499,68% off
DDS Wood Portable Laptop Table,"10,349",19% off
NGI STORE Multipurpose laptop table Wood Portable Lapto...,749,50% off
DDS Wood Portable Laptop Table,438,78% off
Portronics My Buddy D Wood Portable Laptop Table,455,70% off
Crystal Furnitech Aero Engineered Wood Computer Desk,"6,370",7% off
lmz Engineered Wood Office Table,749,50% off
Crystal Furnitech Alanta Engineered Wood Computer Desk,529,10% off
WoodenTwist Laptop Table Wood Portable Laptop Table,749,50% off
Delite Kom melanza Engineered Wood Computer Desk,"1,499",50% off
Delite Kom Glide Engineered Wood Computer Desk,"9,090",53% off
AVRO furniture DELTA Plastic Outdoor Table,"1,349",51% off
Featherlite Nexus Engineered Wood Office Table,"6,290",9% off
ROYAL HANDICRAFTS SZHC Wooden Square Folding Table Bed ...,"1,699",43% off
Crystal Furnitech Sigma Engineered Wood Coffee Table,"5,490",36% off
"Flipkart Perfect Homes Studio Lapdesk withHandle,Drawer...","6,490",34% off
METSMITH Compact Engineered Wood Study Table,"2,199",12% off
KAIZONE Multipurpose laptop table_001 Wood Portable Lap...,"5,110",8% off
radhe creation Wood Portable Laptop Table,385,42% off
Furn Master Wood Portable Laptop Table,"3,790",19% off
"Torche Scholar study table in Dark choco oak colour, Wo...","1,199",60% off
Availmart Wood Portable Laptop Table,"1,999",75% off
AESHA INTERNATIONAL Wood Portable Laptop Table,461,70% off
Moonstar Engineered Wood Study Table,474,75% off
Flipkart Perfect Homes Liwa Engineered Wood Dressing Ta...,"2,319",22% off
COMFOLD Corner Desk Engineered Wood Study Table,"3,799",57% off
Woodbuzz Engineered Wood Study Table,499,74% off
lmz Engineered Wood Office Table,529,64% off
METSMITH Perfect Engineered Wood Study Table,"1,599",36% off
Nilkamal Zenith Engineered Wood Computer Desk,"9,399",5% off
4Homez Meydan Engineered Wood Bedside Table,"5,759",61% off
Woodshopee Wood planter flower stand Solid Wood Corner ...,"3,980",41% off
BLUEWUD Oliver Engineered Wood Bedside Table,"1,349",48% off
Title,Price(in INR),Offer
APPLE MacBook Air M1 - (8 GB/256 GB SSD/Mac OS Big Sur) MGN93HN/A,"85,990",7% off
APPLE MacBook Air M1 - (8 GB/512 GB SSD/Mac OS Big Sur) MGN73HN/A,"1,09,990",6% off
APPLE MacBook Air M1 - (8 GB/512 GB SSD/Mac OS Big Sur) MGNE3HN/A,"1,09,990",6% off
APPLE MacBook Air Core i5 10th Gen - (8 GB/512 GB SSD/Mac OS Catalina) MVH22HN/A,"1,06,190",13% off
APPLE MacBook Pro M1 - (8 GB/256 GB SSD/Mac OS Big Sur) MYDA2HN/A,"1,12,990",8% off
APPLE MacBook Pro M1 - (8 GB/256 GB SSD/Mac OS Big Sur) MYD82HN/A,"1,12,990",8% off
APPLE MacBook Pro Core i5 8th Gen - (8 GB/512 GB SSD/Mac OS Mojave) MV9A2HN/A,"1,62,990",9% off
APPLE Macbook Pro M1 Pro Chip (10-core CPU and 16-core GPU) M1 Pro - (16 GB/1 TB SSD/Mac OS Monterey) ...,"2,39,900",7% off
APPLE Macbook Pro M1 Pro Chip (8-core CPU and 14-core GPU) M1 Pro - (16 GB/512 GB SSD/Mac OS Monterey)...,"1,94,900",2% off
APPLE MacBook Pro with Touch Bar Core i5 10th Gen - (16 GB/512 GB SSD/Mac OS Catalina) MWP42HN/A,"1,60,990",9% off
APPLE MacBook Pro with Touch Bar Core i5 10th Gen - (16 GB/1 TB SSD/Mac OS Catalina) MWP52HN/A,"1,89,900",2% off
